DihedralW,0.0
Dihedralht,-5
C_L_a,10.94349
C_l_b,0.04375
C_m_a,-4.50402
C_Y_b,-0.48902
C_n_b,0.08841
C_L_adot,6.39469
C_m_adot,-29.91795
C_l_p,-0.72528
C_Y_p,-0.02456
C_n_p,0.01691
C_n_r,-0.01708
C_l_r,-0.07295
C_l_q,32.72162
C_m_q,-94.70992
